time,open,high,low,close,Volume,Volume MA
1461245400,210.12,210.25,208.65,208.97,85695041,88651234.05
1461331800,208.55,209.29,207.91,208.97,99251724,89395777.6
1461591000,208.26,208.66,207.54,208.61,66166494,89583693.05
1461677400,209.04,209.52,208.36,208.9192,75864174,88730758.6
1461763800,208.47,209.81,208.05,209.35,77329437,88278964.95
1461850200,208.46,209.76,206.96,207.4475,97216169,88410567.9
1461936600,206.72,207.13,205.03,206.3308,142424137,89810600.85
1462195800,206.92,208.18,206.41,207.97,62188015,89745153.15
1462282200,206.52,206.8,205.28,206.1592,106422142,90083152.35
1462368600,204.99,205.85,204.42,205.01,92243810,90103354.8
1462455000,205.56,205.98,204.47,204.97,67619222,87791364.05
1462541400,204.06,205.77,203.88,205.72,89315004,87505084.35
1462800600,205.57,206.4,205.36,205.8892,74374922,87035956.15
1462887000,206.72,208.5,206.64,208.45,77472207,85142038.15
1462973400,207.91,208.54,206.5,206.5,81726989,84411565.95
1463059800,207.29,207.4899,205.37,206.56,89586308,85630237.2
1463146200,206.21,206.86,204.38,204.76,96474630,86665887.95
1463405400,204.96,207.34,204.89,206.78,77486827,86413681.3
1463491800,206.46,206.8,204.23,204.8508,114924940,87744125.3
1463578200,204.44,206.3,203.63,204.91,123493379,89863778.55
1463664600,204.06,204.54,202.78,204.2,115430507,91350551.85
1463751000,204.92,206.1,204.86,205.49,104990408,91637486.05
1464010200,205.51,205.84,204.985,205.21,58682576,91263290.15
1464096600,206.17,208.24,206.14,207.87,93537808,92146971.85
1464183000,208.67,209.77,207.8691,209.28,79221525,92241576.25
1464269400,209.44,209.71,208.97,209.34,55280699,90144802.75
1464355800,209.53,210.25,209.47,210.24,64211214,86234156.6
1464701400,210.56,210.69,209.18,209.84,109879380,88618724.85
1464787800,209.12,210.48,208.89,210.27,69936215,86794428.5
1464874200,209.8,210.93,209.2399,210.91,63044749,85334475.45
1464960600,210.25,210.69,208.86,210.28,101757126,87041370.65
1465219800,210.7,211.77,210.51,211.35,64887045,85819972.7
1465306200,211.525,212.34,211.5,211.68,60974761,85149964.65
1465392600,211.84,212.52,211.6899,212.37,66170920,84584900.3
1465479000,211.51,212.22,211.19,212.08,73786869,84187894.3
1465565400,210.46,210.86,209.43,210.07,113829158,85400036.8
1465824600,209.36,210.37,208.35,208.4492,117751153,86463862.95
1465911000,208,208.74,206.9199,208.04,125059286,88842485.9
1465997400,208.54,209.36,207.53,207.75,109124496,88552463.7
1466083800,206.73,208.57,205.59,208.37,149533065,89854448
1466170200,207.17,207.2,205.75,206.52,117055748,89935710.05
1466429400,208.82,209.61,207.75,207.85,82789603,88825669.8
1466515800,208.3,208.92,207.78,208.44,72461663,89514624.15
1466602200,208.65,209.5,207.93,208.1,95560471,89615757.3
1466688600,209.81,210.87,209.27,210.81,102731356,90791248.85
1466775000,203.63,206.905,202.72,203.13,333444400,104699433.9
1467034200,201.59,201.6,198.65,199.6,248988660,113938306.2
1467120600,201.48,203.23,201.12,203.1997,159382399,116413457.15
1467207000,204.84,206.93,204.72,206.66,137328614,119783077.1
1467293400,207.21,209.54,206.56,209.475,165021948,124881937.05
1467379800,209.36,210.49,209.29,209.9208,106055333,125096847.4
1467725400,208.95,209.08,207.71,208.41,109803713,127342680.8
1467811800,207.83,209.8,207.06,209.66,96021491,129095017.3
1467898200,209.87,210.6495,208.63,209.526,85593827,130066162.65
1467984600,211.05,212.94,210.7785,212.65,133970972,133075367.8
1468243800,213.19,214.07,212.95,213.4,73633937,131065606.75
1468330200,214.53,215.3,213.4308,214.95,101275629,130241830.55
1468416600,215.44,215.45,214.35,214.92,87324129,128355072.7
1468503000,216.4,216.67,215.66,216.12,91230870,127460391.4
1468589400,216.78,217.0125,215.308,215.83,107155401,125341508.2
1468848600,215.97,216.6,215.67,216.4092,58725918,122425016.7
1468935000,215.92,216.23,215.63,216.19,54345728,121002822.95
1469021400,216.75,217.37,216.24,217.085,58159457,120287712.65
1469107800,216.96,217.22,215.75,216.265,67777310,118898554.6
1469194200,216.41,217.3,216.1,217.24,62787477,116901360.65
1469453400,217,217.06,215.97,216.65,55873147,103022798
1469539800,216.53,217.17,215.76,216.75,70080493,94077389.65
1469626200,217.19,217.27,215.62,216.52,84083893,90312464.35
1469712600,216.29,217.11,215.75,216.77,65035718,86697819.55
1469799000,216.46,217.54,216.13,217.12,79519436,82422693.95
1470058200,217.19,217.65,216.405,216.94,73311422,80785498.4
1470144600,216.65,216.83,214.57,215.5492,92295506,79910088.05
1470231000,215.48,216.245,215.13,216.18,53993626,77808694.8
1470317400,216.31,216.78,214.25,216.4097,46585528,75858279.85
1470403800,217.21,218.23,217.07,218.18,71892161,72754339.3
1470663000,218.4,218.52,217.74,218.05,39906479,71067966.4
1470749400,218.13,218.76,217.8,218.18,51251728,68566771.35
1470835800,218.31,218.4038,217.23,217.64,57941092,67097619.5
1470922200,218.26,218.94,217.95,218.65,72504270,66161289.5
1471008600,218.29,218.71,217.99,218.46,61313544,63869196.65
1471267800,218.89,219.5,218.88,219.09,49813482,63423574.85
1471354200,218.6,218.68,217.96,217.96,53213621,63366969.5
1471440600,218,218.53,217.02,218.37,75134339,64215713.6
1471527000,218.34,218.9,218.21,218.86,52989266,63476311.4
1471613400,218.31,218.75,217.74,218.54,75443004,64109087.75
1471872600,218.26,218.8,217.83,218.53,61368766,64383868.7
1471959000,219.25,219.6,218.9,218.97,53399159,63549802
1472045400,218.8,218.91,217.36,217.85,71728949,62932054.8
1472131800,217.4,218.19,217.22,217.7,69224776,63141507.7
1472218200,217.92,219.12,216.25,217.29,122506348,65290853.3
1472477400,217.44,218.665,217.4,218.3608,70502167,65150390.55
1472563800,218.26,218.59,217.35,218,58114543,63441342.4
1472650200,217.61,217.75,216.465,217.38,85269453,65005133.75
1472736600,217.37,217.73,216.03,217.39,97844207,67568067.7
1472823000,218.39,218.87,217.7,218.37,79293856,67938152.45
1473168600,218.7,219.12,217.86,219.0308,56702089,68777932.95
1473255000,218.84,219.22,218.3,219.01,76554855,70043089.3
1473341400,218.62,218.94,218.15,218.51,74102880,70851178.7
1473427800,216.97,217.03,213.25,213.28,221589073,78305418.85
1473687000,212.39,216.81,212.31,216.34,168110913,83645287.3
1473773400,214.84,215.1499,212.5,213.23,182828839,90296055.15
1473859800,213.29,214.7,212.5,213.15,134185491,94344648.65
1473946200,212.96,215.73,212.75,215.28,145736123,97874737.85
1474032600,213.48,213.69,212.57,213.37,155236354,102987092.25
1474291800,214.13,214.88,213.03,213.41,80250490,103227466.55
1474378200,214.41,214.59,213.38,213.42,69665279,103642292.2
1474464600,214.24,216.03,213.44,215.82,110284425,106486555.5
1474551000,217,217.53,216.71,217.18,76678713,106734043.7
1474637400,216.72,216.88,215.88,215.99,73630921,106954350.95
1474896600,215.02,215.23,214.01,214.24,89827305,105320398.8
1474983000,214.05,215.68,213.62,215.57,78494829,105720031.9
1475069400,215.83,216.82,214.71,216.64,87411015,107184855.5
1475155800,216.4,216.87,214.04,214.68,128070615,109324913.6
1475242200,215.65,217.12,215.36,216.3,117202914,110292848.95
1475501400,215.82,216.04,215.04,215.78,83512057,110503759
1475587800,215.91,216.17,213.99,214.68,119948052,113666057.15
1475674200,215.41,216.13,215.33,215.63,72815963,113479112.55
1475760600,215.37,216.04,214.735,215.78,62927376,112920337.35
1475847000,216.1,216.3,214.19,215.04,89788255,106330296.45
1476106200,216.155,216.7,215.985,216.16,51855023,100517501.95
1476192600,215.66,215.74,212.58,213.43,130367373,97894428.65
1476279000,213.59,214.32,213.01,213.71,73866117,94878459.95
1476365400,212.16,213.59,211.21,213.01,101356960,92659501.8
1476451800,214.15,214.69,213.03,213.12,93346237,89564995.95
1476711000,213.09,213.39,212.17,212.38,58275674,88466255.15
1476797400,214.24,214.31,213.27,213.71,76869656,88826474
1476883800,214.02,214.64,213.6,214.28,66519224,86638213.95
1476970200,213.87,214.53,213.11,213.88,73639830,86486269.8
1477056600,212.96,214.08,212.76,213.98,89089092,87259178.35
1477315800,215,215.32,214.48,214.89,60146592,85775142.7
1477402200,214.68,214.98,213.98,214.17,66542329,85177517.7
1477488600,213.21,214.42,212.93,213.74,75705478,84592240.85
1477575000,214.58,214.62,213.08,213.17,77220213,82049720.75
1477661400,213.14,213.93,211.71,212.54,140623183,83220734.2
1477920600,212.93,213.19,212.36,212.55,61272507,82108756.7
1478007000,212.93,212.99,209.6,211.01,122781818,82250445
1478093400,210.65,211.1,209.23,209.74,103330806,83776187.15
1478179800,209.99,210.24,208.46,208.78,88939346,85076785.65
1478266200,208.91,209.89,208.38,208.55,109122059,86043475.85
1478529000,211.45,213.19,211.3,213.15,109794861,88940467.75
1478615400,212.69,214.77,212.38,214.11,106772138,87760706
1478701800,212.37,217.1,212.34,216.3792,258428972,96988848.75
1478788200,217.3,218.31,215.22,216.92,172113313,100526666.4
1478874600,216.08,216.7,215.32,216.42,100552732,100886991.15
1479133800,217.03,217.27,215.72,216.59,94579982,102702206.55
1479220200,217.04,218.28,216.8,218.28,91652580,103441352.75
1479306600,217.56,218.14,217.42,217.87,65617697,103396276.4
1479393000,218.05,219.06,217.92,218.99,69797191,103204144.45
1479479400,219.07,219.27,218.29,218.5,86265751,103062977.4
1479738600,219.17,220.18,219,220.15,72402638,103675779.7
1479825000,220.51,220.79,219.73,220.58,67428957,103720111.1
1479911400,219.98,220.76,219.75,220.7,56620237,102765849.05
1480084200,221.1,221.56,221.01,221.52,37872255,100798451.15
1480343400,221.16,221.48,220.36,220.48,76572511,97595917.55
1480429800,220.52,221.44,220.17,220.91,69886690,98026626.7
1480516200,221.63,221.82,220.31,220.38,113291793,97552125.45
1480602600,220.73,220.73,219.15,219.57,79040487,96337609.5
1480689000,219.67,220.25,219.26,219.68,74840347,95632659.55
1480948200,220.65,221.4,220.42,221,67837821,93568447.65
1481034600,221.22,221.7441,220.662,221.7,59877377,91072573.45
1481121000,221.52,224.67,221.38,224.6,110738050,91270869.05
1481207400,224.57,225.7,224.26,225.15,99714387,83335139.8
1481293800,225.41,226.53,225.37,226.51,88005766,79129762.45
1481553000,226.4,226.96,225.76,226.25,102016125,79202932.1
1481639400,227.02,228.34,227,227.76,110477485,79997807.25
1481725800,227.41,228.23,225.365,225.88,142501812,82540268.85
1481812200,226.16,227.81,225.8904,226.81,124972554,85508011.7
1481898600,226.01,226.08,224.67,225.04,156420152,89839159.75
1482157800,225.25,226.02,225.08,225.53,90341147,90042929.55
1482244200,226.15,226.57,225.88,226.4,89838810,90914738.15
1482330600,226.25,226.45,225.77,225.77,67909039,90938742.25
1482417000,225.6,225.74,224.92,225.38,56219071,90918683.95
1482503400,225.43,225.72,225.21,225.71,36697822,90859962.3
1482849000,226.02,226.73,226,226.27,42672487,89164961.1
1482935400,226.57,226.59,224.27,224.4,64095014,88875377.3
1483021800,224.48,224.89,223.84,224.35,48696080,85645591.65
1483108200,224.73,224.83,222.73,223.53,108998328,87143483.7
1483453800,225.04,225.83,223.8837,225.24,91366522,87969792.45
1483540200,225.62,226.75,225.61,226.58,78744433,88515123.05
1483626600,226.27,226.58,225.48,226.4,78379012,89440204.8
1483713000,226.53,227.75,225.9,227.21,71559922,87481298.4
1483972200,226.91,227.0701,226.4163,226.46,46939676,84842562.85
1484058600,226.48,227.45,226.01,226.46,63771939,83630871.5
1484145000,226.36,227.1,225.59,227.1,74650016,82262566.05
1484231400,226.5,226.75,224.955,226.53,72113181,80344350.85
1484317800,226.73,227.4,226.69,227.05,62717865,76355153.5
1484663400,226.31,226.78,225.8,226.25,61240814,73168566.5
1484749800,226.535,226.8,225.9,226.75,54793302,68087224
1484836200,226.84,227,225.41,225.91,66608787,66900606
1484922600,226.7,227.31,225.9719,226.74,129168623,68867096.65
1485181800,226.35,226.805,225.27,226.15,75061645,69224726.95
1485268200,226.4,228.08,226.27,227.6,95555295,71191538.15
1485354600,228.7,229.57,228.51,229.57,84437712,73578532.65
1485441000,229.4,229.71,229.01,229.33,59970719,74443444.25
1485527400,229.42,229.59,228.76,228.97,59711118,74224249.45
1485786600,228.17,228.2,226.41,227.55,79737252,75776308.05
1485873000,226.98,227.6,226.32,227.53,75880805,74120431.9
1485959400,228.255,228.59,226.94,227.62,79117651,73507988.35
1486045800,227.2,228.1,226.82,227.77,69657560,73053644.7
1486132200,228.82,229.55,228.46,229.34,80563168,73162852.5
1486391400,228.87,229.326,228.54,228.93,57790108,72474361.8
1486477800,229.38,229.6556,228.72,228.94,57931151,73023935.55
1486564200,228.61,229.39,228.31,229.24,51566218,72413649.5
1486650600,229.56,230.95,229.52,230.6,65955245,71978910.95
1486737000,231,231.77,230.6216,231.51,66015892,71674046.5
1486996200,232.08,233.07,232.05,232.77,55182050,71297255.75
1487082600,232.56,233.71,232.16,233.7,71108983,71790664.2
1487169000,233.45,235.14,233.39,234.92,86785826,73390290.4
1487255400,234.96,235.155,233.85,234.72,84722437,74295972.9
1487341800,233.95,235.09,233.93,235.09,77204104,71697746.95
1487687400,235.52,236.69,235.51,236.49,88946051,72391967.25
1487773800,236.02,236.54,235.83,236.28,62115185,70719961.75
1487860200,236.88,236.9,235.56,236.44,74615902,70228871.25
1487946600,235.46,236.7932,235.41,236.74,82381612,71349415.9
1488205800,236.64,237.31,236.35,237.11,56515440,71189632
1488292200,236.67,236.95,236.015,236.47,96961938,72050866.3
1488378600,238.39,240.32,238.37,239.78,149158170,75714734.55
1488465000,239.56,239.57,238.21,238.27,70245978,75271150.9
1488551400,238.17,238.61,237.73,238.42,81974300,75886987.9
1488810600,237.5,238.12,237.01,237.71,55391533,74628406.15
1488897000,237.36,237.77,236.76,237,65103737,74994087.6
1488983400,237.34,237.64,236.4,236.56,78168795,76005969.8
1489069800,236.7,237.24,235.74,236.86,90683918,77961854.8
1489156200,237.97,238.02,236.59,237.69,81991652,78763675.15
1489411800,237.62,237.86,237.24,237.81,57256824,78325721.75
1489498200,237.18,237.24,236.19,236.9,59880778,78560658.15
1489584600,237.56,239.44,237.29,238.95,96081750,79809296.5
1489671000,239.11,239.2,238.1,238.48,78343951,79387202.75
1489757400,237.75,237.97,237.03,237.03,89002111,79601186.45
1490016600,237.03,237.36,236.32,236.77,52536979,78367830.2
1490103000,237.47,237.61,233.58,233.73,131809275,80510991.4
1490189400,233.77,234.61,233.05,234.28,97569204,82283692.35
1490275800,234,235.34,233.6,234.03,100410277,83573411.1
1490362200,234.38,235.04,232.96,233.86,112504853,85079573.15
1490621400,231.93,233.92,231.61,233.62,87454452,86626523.75
1490707800,233.27,235.81,233.14,235.32,93483915,86452622.6
1490794200,234.99,235.81,234.725,235.54,60786374,82034032.8
1490880600,235.47,236.52,235.27,236.29,56737890,81358628.4
1490967000,235.9,236.51,235.68,235.74,73733094,80946568.1
1491226200,235.8,236.03,233.91,235.33,85546486,82454315.75
1491312600,235,235.58,234.555,235.48,56466195,82022438.65
1491399000,236.26,237.39,234.54,234.78,108800604,83554029.1
1491485400,234.94,236.04,234.425,235.44,69135757,82476621.05
1491571800,235.15,236,234.64,235.2,74412311,82097654
1491831000,235.36,236.255,234.73,235.34,67615302,82615577.9
1491917400,234.9,235.18,233.34,235.06,88045276,84023802.8
1492003800,234.74,234.96,233.77,234.03,81864436,83312937.1
1492090200,233.64,234.49,232.51,232.51,92880394,84039759.25
1492435800,233.11,234.57,232.88,234.57,68405367,83009922.05
1492522200,233.72,234.49,233.08,233.87,83225821,84544364.15
1492608600,234.52,234.95,233.18,233.44,68699868,81388893.8
1492695000,234.15,235.845,233.78,235.34,92572186,81139042.9
1492781400,235.25,235.31,234.13,234.59,110389847,81638021.4
1493040600,237.18,237.41,236.61,237.17,119209877,81973272.6
1493127000,237.91,238.95,237.81,238.55,75050935,81353096.75
1493213400,238.51,239.53,238.35,238.4,84702455,80914023.75
1493299800,238.77,238.95,237.98,238.6,57410326,80745221.35
1493386200,238.9,238.93,237.93,238.08,63532845,81084969.1
1493645400,238.68,239.17,238.195,238.68,66882521,80742440.45
1493731800,238.84,238.98,238.3,238.77,57375732,79333902.75
1493818200,238.29,238.8775,237.7,238.48,73137731,80167479.55
1493904600,238.83,238.9225,237.78,238.76,61462732,77800585.95
1493991000,239.19,239.72,238.68,239.7,62001269,77443861.55
1494250200,239.75,239.92,239.17,239.66,48385730,76142532.5
1494336600,239.96,240.19,239.04,239.44,51363200,75329927.4
1494423000,239.39,239.87,239.15,239.87,54293799,73642353.55
1494509400,239.35,239.57,238.13,239.38,62358346,72667049.05
1494595800,239.09,239.4273,238.67,238.98,53912730,70718665.85
1494855000,239.47,240.44,239.45,240.3,61918937,70394344.35
1494941400,240.64,240.67,239.63,240.08,51241791,68795142.85
1495027800,238.1,238.64,235.75,235.82,172174107,73968854.8
1495114200,235.73,237.75,235.43,236.77,107047656,74692628.3
1495200600,237.33,239.08,237.27,238.31,115011373,74923704.6
1495459800,238.9,239.71,238.82,239.52,61010602,72013740.85
1495546200,239.95,240.24,239.51,240.05,48341683,70678278.25
1495632600,240.32,240.73,239.93,240.61,49181099,68902210.45
1495719000,241.2,242.08,240.96,241.76,64071661,69235277.2
1495805400,241.54,241.9,241.45,241.71,46629905,68390130.2
1496151000,241.34,241.79,241.16,241.5,35201897,66806099
1496237400,241.84,241.88,240.64,241.44,91796016,68527113.2
1496323800,241.97,243.38,241.64,243.36,68962024,68318327.85
1496410200,243.42,244.35,243.08,244.17,88666128,69678497.65
1496669400,243.97,244.3,243.76,243.99,44698825,68813375.45
1496755800,243.34,243.98,243.12,243.21,50375430,68912860.45
1496842200,243.6,243.92,242.83,243.66,54144311,69051916
1496928600,243.77,244.33,243.17,243.78,65950691,69634760.6
1497015000,244.09,245.01,241.95,243.41,132256362,73129661.4
1497274200,243.13,243.42,242.38,243.36,86108102,74739430
1497360600,243.98,244.61,243.5799,244.55,60066953,74646830.8
1497447000,244.86,244.87,243.29,244.24,78602311,76014856.8
1497533400,242.68,243.91,242.36,243.77,66464888,70729395.85
1497619800,242.77,242.83,241.6337,242.64,84553097,69604667.9
1497879000,243.59,244.73,243.48,244.66,65123802,67110289.35
1497965400,244.25,244.26,242.99,243.01,56906368,66905077.65
1498051800,243.42,243.59,242.41,242.95,55977569,67286871.95
1498138200,242.96,243.53,242.64,242.84,44148059,67035219.95
1498224600,242.91,243.51,242.47,243.13,66986801,67180976.95
1498483800,243.9,244.38,243.045,243.29,56700477,67684505.55
1498570200,243.04,243.38,241.31,241.33,82247666,70036794
1498656600,242.5,243.715,242.23,243.49,70042599,68949123.15
1498743000,243.66,243.72,239.955,241.35,106949719,70848507.9
1498829400,242.28,242.71,241.575,241.8,86820694,70756236.2
1499088600,242.88,243.38,242.21,242.21,39153806,70478985.25
1499261400,242.63,243.01,241.7,242.77,54427596,70681593.55
1499347800,241.89,242.03,240.34,240.55,66115317,71280143.85
1499434200,241.21,242.28,240.5645,242.11,57972268,70881222.7
1499693400,241.95,242.8,241.76,242.37,36663274,66101568.3
1499779800,242.16,242.55,240.85,242.19,50354614,64313893.9
1499866200,243.3,244.2,243.3,244.01,59610405,64291066.5
1499952600,244.02,244.55,243.76,244.42,39471637,62334532.8
1500039000,244.43,245.97,244.31,245.56,60262692,62024423
1500298200,245.47,245.91,245.33,245.53,33531917,59473364
1500384600,245.06,245.72,244.67,245.66,42742498,58354298.8
1500471000,246.02,247,246.01,246.99,51034260,58060693.4
1500557400,247.28,247.42,246.47,247.1,47135183,57618574.1
1500643800,246.44,246.91,246.18,246.88,88711019,59846722.1
1500903000,246.79,246.98,246.28,246.82,46622256,58828494.85
1500989400,247.68,247.8,247.16,247.42,54915591,58739250.55
1501075800,247.75,247.79,247.13,247.43,47575422,57005638.35
1501162200,247.96,248,245.68,247.2,70766568,57041836.8
1501248600,246.65,247.06,246.13,246.91,50088359,54198768.8
1501507800,247.37,247.48,246.53,246.77,65838659,53149667.05
1501594200,247.46,247.5,246.716,247.32,55050401,53944496.8
1501680600,247.47,247.6,246.37,247.44,47211216,53583677.8
1501767000,247.31,247.34,246.64,246.96,40855997,52320711.8
1501853400,247.52,247.79,246.97,247.41,60191838,52431690.3
1502112600,247.49,247.87,247.37,247.87,31995021,52198277.65
1502199000,247.51,248.91,246.83,247.26,61719353,52766514.6
1502285400,246.47,247.31,246.06,247.25,62632619,52917625.3
1502371800,246.29,246.44,243.7,243.76,120479470,56968016.95
1502458200,244.02,244.8,243.75,244.12,74869947,57698379.7
1502717400,245.59,246.79,245.55,246.54,73291919,59686379.8
1502803800,246.98,247,246.16,246.51,55242746,60311392.2
1502890200,247.11,247.57,246.45,246.94,56715544,60595456.4
1502976600,246.24,246.6,243.09,243.09,128490396,64663217.05
1503063000,242.9,244.189,242.2,242.71,136747986,67065065.4
1503322200,242.64,243.2,241.83,242.9,65469736,68007439.4
1503408600,243.57,245.62,243.55,245.44,63140101,68418664.9
1503495000,244.33,245.05,244.16,244.56,50203837,68550085.65
1503581400,245,245.18,243.75,243.99,50741671,67548840.8
1503667800,244.9,245.61,244.39,244.56,64445912,68266718.45
1503927000,245.17,245.2,244.09,244.57,40565606,67003065.8
1504013400,243.06,245.15,242.93,244.85,51135715,66807331.5
1504099800,244.83,246.32,244.62,246.01,62030805,67548310.95
1504186200,246.72,247.77,246.0473,247.49,103803880,70695705.1
1504272600,247.92,248.33,247.67,247.84,62006989,70786462.65
1504618200,247.26,247.52,244.95,246.06,91398777,73756650.45
1504704600,246.84,247.28,246.23,246.9,57916867,73566526.15
1504791000,247.25,247.27,246.4,246.87,58034730,73336631.7
1504877400,246.54,247.11,246.3,246.58,63832825,70504299.45
1505136600,248.04,249.3,248.02,249.21,71364848,70329044.5
1505223000,249.63,250.09,249.42,250.05,56896027,69509249.9
1505309400,249.72,250.21,249.59,250.17,59228002,69708512.7
1505395800,249.8,250.32,249.6,250.09,95446349,71645052.95
1505482200,248.69,249.29,248.57,249.19,95432382,69992152.25
1505741400,249.61,250.12,249.28,249.72,46235238,65466514.85
1505827800,250,250.07,249.6,249.97,47108148,64548435.45
1505914200,250.07,250.19,248.92,250.06,59574083,64370134.55
1506000600,249.88,249.98,249.185,249.39,48211398,64270512.6
1506087000,249.05,249.63,249.02,249.44,51214032,64294130.65
1506346200,249.15,249.5532,248.08,248.93,57064357,63925052.9
1506432600,249.42,249.7,248.805,249.08,54081959,64600870.55
1506519000,249.88,250.49,248.87,250.05,81001426,66094156.1
1506605400,249.73,250.44,249.63,250.35,44778841,65231557.9
1506691800,250.34,251.32,250.13,251.23,85578002,64320264
1506951000,251.49,252.32,251.2926,252.32,59022985,64171063.8
1507037400,252.46,252.89,252.23,252.86,66810169,62941633.4
1507123800,252.69,253.44,252.56,253.16,55953619,62843471
1507210200,253.54,254.68,253.196,254.66,63522757,63117872.35
1507296600,254.15,254.7008,253.85,254.37,80645998,63958531
1507555800,254.63,254.7,253.65,253.95,35803138,62180445.5
1507642200,254.6,255.05,253.98,254.62,43057363,61488512.3
1507728600,254.51,255.02,254.32,255.02,47674325,60910828.45
1507815000,254.66,255.06,254.365,254.64,47080269,58492524.45
1507901400,255.14,255.27,254.64,254.95,54800435,56460927.1
1508160600,255.21,255.51,254.82,255.29,38521675,56075248.95
1508247000,255.23,255.52,254.98,255.47,31560964,55297889.75
1508333400,255.9,255.95,255.5,255.72,40888330,54363602.1
1508419800,254.83,255.83,254.35,255.79,61903788,55048221.6
1508506200,256.7,257.14,255.7744,257.11,89176377,56946338.85
1508765400,257.48,257.51,256.02,256.11,63915306,57288886.3
1508851800,256.6,256.83,256.15,256.56,66935910,57931583.85
1508938200,256.18,256.31,254,255.29,103715291,59067277.1
1509024600,255.99,256.3,255.48,255.62,69797972,60318233.65
1509111000,256.47,257.89,255.6254,257.71,85562544,60317460.75
1509370200,257.07,257.6,256.41,256.75,54285687,60080595.85
1509456600,257.18,257.44,256.805,257.15,60304781,59755326.45
1509543000,258.04,258.43,257.07,257.49,54202736,59667782.3
1509629400,257.41,257.75,256.19,257.59,56449535,59314121.2
1509715800,257.77,258.5,257.3,258.45,59589730,58261307.8
1509978600,258.3,259,258.22,258.85,49652598,58953780.8
1510065000,258.97,259.35,258.09,258.67,57502161,59676020.7
1510151400,258.47,259.22,258.15,259.11,50469579,59815783.4
1510237800,257.73,258.39,256.36,258.17,95085497,62216044.8
1510324200,257.73,258.2926,257.37,258.09,59984662,62475256.15
1510583400,257.31,258.59,257.27,258.33,50228648,63060604.8
1510669800,257.41,257.85,256.52,257.73,61315152,64548314.2
1510756200,256.62,257.22,255.63,256.44,80811525,66544473.95
1510842600,257.52,259.04,257.4748,258.62,67777027,66838135.9
1510929000,258.22,258.5882,257.77,257.86,75756833,66167158.7
1511188200,258.14,258.525,257.86,258.3,48075514,65375169.1
1511274600,259.18,260.2,259.18,259.99,69176799,65487213.55
1511361000,260,260.15,259.57,259.76,45033392,62553118.6
1511533800,260.32,260.48,260.16,260.36,27746365,60450538.25
1511793000,260.41,260.75,260,260.23,52274922,58786157.15
1511879400,260.76,262.9,260.655,262.87,98971719,61020458.75
1511965800,263.02,263.63,262.2,262.71,77512102,61880824.8
1512052200,263.76,266.05,263.67,265.01,127894389,65565407.45
1512138600,264.76,265.31,260.76,264.46,164390902,70962475.8
1512397800,266.31,266.8,264.08,264.14,94040560,72685017.3
1512484200,264.43,265.15,263.04,263.19,77994544,74102114.6
1512570600,262.87,263.73,262.71,263.24,75898566,75021934.85
1512657000,263.09,264.43,262.94,264.07,77218569,76359384.35
1512743400,264.99,265.52,264.72,265.51,76563873,75433303.15
1513002600,265.58,266.38,265.4793,266.31,83077533,76587946.7
1513089000,266.57,267.32,266.345,266.78,85195750,78336301.8
1513175400,267.06,267.56,266.65,266.75,102905409,80415814.65
1513261800,267.09,267.22,265.6,265.66,100666692,81408573
1513348200,265.45,267.04,265.39,266.51,144610290,85250236.15
1513607400,268.1,268.6,267.98,268.2,83676072,85646198.1
1513693800,268.48,268.53,267.09,267.17,82382876,87361566.2
1513780200,268.27,268.33,266.69,267.03,76751500,87740301.25
1513866600,267.74,268.385,267.3,267.58,67032339,88840248.6
1513953000,267.6,267.635,266.9,267.51,78720873,91388974
1514298600,267.05,267.4377,266.885,267.19,45244433,91037449.55
1514385000,267.38,267.73,267.01,267.32,57750986,88976412.9
1514471400,267.89,267.92,267.45,267.87,45116139,87356614.75
1514557800,268.53,268.55,266.64,266.86,96007424,85762266.5
1514903400,267.84,268.81,267.4,268.77,86655749,81875508.85
1514989800,268.96,270.64,268.96,270.47,90070416,81677001.65
1515076200,271.2,272.16,270.5447,271.61,80636408,81809094.85
1515162600,272.51,273.56,271.95,273.42,83523995,82190366.3
1515421800,273.31,274.1,272.98,273.92,57319192,81195397.45
1515508200,274.4,275.25,274.081,274.54,57253957,80229901.65
1515594600,273.68,274.42,272.92,274.12,69574318,79554740.9
1515681000,274.75,276.12,274.56,276.12,62361455,78413026.15
1515767400,276.42,278.11,276.0819,277.92,90816076,77808559.5
1516113000,279.35,280.09,276.18,276.97,106555142,78102982
1516199400,278.03,280.05,276.97,279.61,113258799,76535407.45
1516285800,279.48,279.96,278.58,279.14,100728006,77388004.15
1516372200,279.8,280.41,279.14,280.41,140920098,80314865.25
1516631400,280.17,282.69,280.11,282.69,91322408,81043410.65
1516717800,282.74,283.62,282.37,283.29,97084700,82546028.7
1516804200,284.02,284.7,281.84,283.18,134816117,85350790.9
1516890600,284.16,284.27,282.405,283.3,84587313,87317934.9
1516977000,284.25,286.6285,283.96,286.58,107743119,89817541.55
1517236200,285.93,286.43,284.5,284.68,90118337,92067651.45
1517322600,282.6,284.736,281.22,281.76,131796419,93857101.2
1517409000,282.73,283.3,280.68,281.9,118948131,95471720.3
1517495400,281.07,283.06,280.68,281.58,90102470,95473323
1517581800,280.08,280.23,275.41,275.45,173174790,100100242.1
1517841000,273.45,275.85,263.31,263.93,294681820,110658133.35
1517927400,259.94,269.7,258.7,269.13,355026780,125543512.75
1518013800,268.5,272.36,267.58,267.67,167376100,131049619.9
1518100200,268.01,268.17,257.59,257.63,246449505,139893379.25
1518186600,260.8,263.61,252.92,261.5,283565310,150953572
1518445800,263.83,267.01,261.6644,265.34,143735976,153599567
1518532200,263.97,266.62,263.31,266,81223640,152332991.9
1518618600,264.31,270,264.3,269.59,120735685,152706836.2
1518705000,271.57,273.04,268.77,273.03,111200286,153230450.2
1518791400,272.32,275.32,272.27,273.11,160420135,154205452.05
1519137000,272.03,273.67,270.5,271.4,86369662,153957814.75
1519223400,271.9,274.72,269.94,270.05,98883740,154047766.75
1519309800,271.1,273.05,269.64,270.4,110511290,152832525.4
1519396200,271.79,274.71,271.25,274.71,92766428,153241481.15
1519655400,275.93,278.01,275.26,277.9,86491406,152178895.5
1519741800,278.11,278.92,274.36,274.43,99099165,152627936.9
1519828200,275.68,276.19,271.29,271.65,121907767,152133504.3
1519914600,271.41,273.17,266,267.7,176855077,155028851.6
1520001000,265.8,269.72,264.82,269.08,139083217,157477888.95
1520260200,267.73,272.89,267.61,272.19,97307387,153684518.8
1520346600,273.3,273.39,271.18,272.88,79213163,142911085.95
1520433000,270.42,273.18,270.2,272.78,87063502,129512922.05
1520519400,273.55,274.24,272.42,274.1,66901150,124489174.55
1520605800,275.7,278.87,275.34,278.87,113625335,117847966.05
1520861400,279.2,279.91,278.0801,278.52,71924793,107265940.2
1520947800,279.84,280.41,276.03,276.72,91968937,104677588.25
1521034200,277.81,278.02,274.67,275.3,105895079,105911160.2
1521120600,275.88,276.61,274.43,275,83433038,104046027.85
1521207000,274.5,275.39,274.14,274.2,100343673,103503197.2
1521466200,273.35,273.38,268.62,270.49,109208442,100942612.55
1521552600,270.94,271.67,270.18,270.95,59757271,99611993
1521639000,270.9,273.27,270.19,270.43,78709578,98603284.9
1521725400,267.91,268.87,263.36,263.67,148785916,100517016.2
1521811800,264.17,265.02,257.83,258.05,183534751,105055432.35
1522071000,262.13,265.43,259.41,265.11,141956102,107828667.15
1522157400,266.17,266.77,258.84,260.6,129941445,109370781.15
1522243800,260.75,262.64,258.58,259.83,146452306,110598008.1
1522330200,261.12,265.26,259.8389,263.15,124244790,107967493.75
1522675800,262.55,263.13,254.67,257.47,186286343,110327650.05
1522762200,258.87,261.31,256.84,260.77,119956861,111460123.75
1522848600,256.75,264.355,256.6,263.56,123715339,113685232.55
1522935000,265.55,266.64,264.32,265.64,82652618,113464688.35
1523021400,263.42,265.11,258,259.72,179521209,119095691.3
1523280600,261.37,264.84,259.9356,261,105442932,118686571.15
1523367000,264.27,266.04,262.98,265.15,105573736,120369018.3
1523453400,263.47,265.64,263.39,263.76,91140243,120327583.6
1523539800,265.26,267,265.06,265.93,68890480,118477353.65
1523626200,267.41,267.54,264.01,265.15,85079176,118559660.55
1523885400,267,268.2,266.07,267.33,63405287,116712741.25
1523971800,269.33,270.87,268.75,270.19,64682036,114486420.95
1524058200,270.69,271.3,269.87,270.39,57303857,114363750.25
1524144600,269.65,269.88,267.72,268.89,77655909,114311066.8
1524231000,268.81,269.06,265.61,266.61,99953133,111869427.65
1524490200,267.26,267.89,265.35,266.57,65557954,105970587.8
1524576600,267.73,267.9762,261.28,262.98,112885452,104517055.3
1524663000,262.91,264.13,260.85,263.63,103840948,103212030.45
1524749400,264.79,267.2452,264.29,266.31,67731942,99276012.25
1524835800,267,267.34,265.5,266.56,57053647,95916455.1
1525095000,267.26,267.89,264.43,264.51,82182324,90711254.15
1525181400,263.87,265.1,262.11,264.98,74203365,88423579.35
1525267800,264.76,265.68,262.76,263.2,86368943,86556259.55
1525354200,262.26,263.36,259.05,262.62,136311479,89239202.6
1525440600,261.52,266.7892,261.15,266.02,91222075,84824245.9
1525699800,266.89,268.02,266.11,266.92,55304907,82317344.65
1525786200,266.5,267.325,265.15,266.92,67499247,80413620.2
1525872600,267.68,269.865,267.09,269.5,59666143,78839915.2
1525959000,270.34,272.39,270.22,272.02,72063931,78998587.75
1526045400,272.16,273.15,271.58,272.85,59871511,77738204.5
1526304600,273.34,274.08,272.36,272.98,54790606,77307470.45
1526391000,271.59,271.61,270.03,271.1,87036036,78425170.45
1526477400,271.14,272.76,271.11,272.24,53942631,78257109.15
1526563800,271.94,273.23,271.13,272.01,56536400,77201133.7
1526650200,271.62,272.03,270.93,271.33,64367959,75421875
1526909400,273.01,273.98,271.3512,273.37,58025875,75045271.05
1526995800,273.96,274.25,272.24,272.61,52966358,72049316.35
1527082200,271.17,273.39,270.99,273.36,64694184,70091978.15
1527168600,272.91,273.22,270.78,272.8,76043827,70507572.4
1527255000,272.15,272.86,271.58,272.15,56374755,70473627.8
1527600600,270.31,271.17,267.76,269.02,115908607,72159941.95
1527687000,270.5,273.11,270.42,272.61,69678449,71933696.15
1527773400,272.15,272.49,270.255,270.94,93519941,72291246.05
1527859800,272.41,273.94,272.33,273.6,71258411,69038592.65
1528119000,274.53,275.185,274.26,274.9,45392351,66747106.45
1528205400,275.05,275.53,274.18,275.1,51135038,66538613
1528291800,275.79,277.52,275.09,277.4,62732215,66300261.4
1528378200,277.95,278.28,276.34,277.37,72969402,66965424.35
1528464600,276.85,278.25,276.66,278.19,72139719,66969213.75
1528723800,278.44,279.37,278.31,278.56,58892515,66920263.95
1528810200,279.03,279.33,278.19,278.92,72329028,67797185.05
1528896600,279.19,279.48,277.8,278.03,79070610,67398913.75
1528983000,279.01,279.33,278.0599,278.73,77097620,68556663.2
1529069400,276.6,277.51,275.35,277.13,120143175,71737001.95
1529328600,275.49,276.7,274.95,276.56,52917581,71164483.05
1529415000,274,275.75,273.53,275.5,97531510,73139764.8
1529501400,276.27,276.72,275.59,275.97,53785486,73180721.2
1529587800,275.96,275.98,273.68,274.24,71061404,73499082.2
1529674200,275.66,275.785,274.49,274.74,56612003,72527491
1529933400,273.44,273.6162,269.1,271,137854162,76601461.35
1530019800,271.64,272.56,270.79,271.6,68683211,74240191.55
1530106200,272.26,273.865,269.18,269.35,105110674,76011802.8
1530192600,269.29,271.75,268.49,270.89,76650517,75168331.6
1530279000,272.12,273.66,271.1495,271.28,97592499,76485036
1530538200,269.51,272.04,269.24,271.86,63554774,77393157.15
1530624600,272.87,272.98,270.42,270.9,42187071,76945758.8
1530797400,272.17,273.18,270.96,273.11,56925919,76655444
1530883800,273.14,275.84,272.715,275.42,66493696,76331658.7
1531143000,276.55,277.96,276.5,277.9,50550399,75252192.7
1531229400,278.41,279.01,278.08,278.9,51966829,74905908.4
1531315800,277.15,278.04,276.52,276.86,77054739,75142193.95
1531402200,278.28,279.43,277.6,279.37,60124687,74194897.8
1531488600,279.17,279.93,278.66,279.59,48234964,72751765
1531747800,279.64,279.803,278.84,279.34,48201038,69154658.15
1531834200,278.47,280.91,278.41,280.47,52315500,69124554.1
1531920600,280.56,281.18,280.06,281.06,44593465,66477651.85
1532007000,280.31,280.74,279.46,280,61412117,66858983.4
1532093400,279.77,280.48,279.5,279.68,82372729,67424549.65
1532352600,279.45,280.43,279.06,280.2,47047565,66946327.75
1532439000,281.79,282.56,280.63,281.61,68026935,63454966.4
1532525400,281.33,284.37,281.28,284.01,78882927,63964952.2
1532611800,283.2,284.11,283.09,283.34,57919495,61605393.25
1532698200,283.71,283.82,280.38,281.42,76783177,61612026.25
1532957400,281.51,281.69,279.36,279.95,63742508,59919526.7
1533043800,280.81,282.02,280.38,281.33,68570493,60170312.65
1533130200,281.56,282.13,280.1315,280.86,53853326,60753625.4
1533216600,279.39,282.58,279.16,282.39,63426363,61078647.6
1533303000,282.53,283.6577,282.33,283.6,53935386,60450732.1
1533562200,283.64,284.99,283.2015,284.64,39400887,59893256.5
1533648600,285.39,286.01,285.24,285.58,43196646,59454747.35
1533735000,285.39,285.91,284.94,285.46,42114551,57707737.95
1533821400,285.53,285.97,284.915,285.07,35716976,56487352.4
1533907800,283.45,284.055,282.36,283.16,77076044,57929406.4
1534167000,283.47,284.16,281.77,282.1,65732909,58805999.95
1534253400,282.92,284.17,282.4833,283.9,43842031,58382326.5
1534339800,282.38,282.54,280.16,281.78,102887320,61297019.25
1534426200,283.4,285.04,283.36,284.06,69967919,61724809.35
1534512600,283.83,285.5601,283.37,285.06,65618481,60887096.95
1534771800,285.57,285.97,285.06,285.67,39807490,60525093.2
1534858200,286.25,287.31,285.7135,286.34,67271983,60487345.6
1534944600,285.88,286.76,285.575,286.17,44993333,58792865.9
1535031000,285.97,286.94,285.43,285.79,49204851,58357133.7
1535117400,286.44,287.67,286.38,287.51,57487399,57392344.8
1535376600,288.86,289.9,288.68,289.78,57072377,57058838.25
1535463000,290.3,290.4175,289.4,289.92,46943472,55977487.2
1535549400,290.16,291.74,289.8854,291.48,61485514,56359096.6
1535635800,290.94,291.36,289.63,290.3,61229501,56249253.5
1535722200,289.84,290.81,289.29,290.31,66140838,56859526.1
1536067800,289.84,290.21,288.68,289.81,57594367,57769200.1
1536154200,289.41,289.64,287.89,289.03,72452437,59231989.65
1536240600,289.15,289.49,287,288.16,65909863,60421755.25
1536327000,286.98,288.7,286.71,287.6,73524824,62312147.65
1536586200,288.74,289.04,287.88,288.1,50210903,60968890.6
1536672600,287.37,289.55,286.975,289.05,50530492,60208769.75
1536759000,289.06,289.8,288.23,289.12,59810758,61007206.1
1536845400,290.32,291.0384,289.995,290.83,51034222,58414551.2
1536931800,291.06,291.27,290,290.88,55079875,57670149
1537191000,290.82,290.86,289.03,289.34,68244043,57801427.1
1537277400,289.58,291.58,289.55,290.91,61930407,58907572.95
1537363800,290.97,291.69,290.825,291.22,49080562,57998001.9
1537450200,292.64,293.94,291.2363,293.58,100360646,60766367.55
1537536600,293.09,293.22,291.81,291.99,105597145,63585982.25
1537795800,291.34,291.5,290.37,291.02,53409645,63382094.55
1537882200,291.53,291.65,290.4833,290.75,44370037,62746977.55
1537968600,290.91,292.24,289.41,289.88,79739674,64386787.65
1538055000,290.41,291.91,290.1,290.69,59249455,64274984.7
1538141400,289.99,291.28,289.95,290.72,70091385,64718078.9
1538400600,292.11,292.93,290.98,291.73,62078937,64514983.85
1538487000,291.56,292.355,291.14,291.56,47258227,63998176.85
1538573400,292.74,293.21,291.32,291.72,64694594,63610284.7
1538659800,291.18,291.24,287.66,289.44,111545910,65892087.05
1538746200,289.69,290.27,286.22,287.82,105961360,67513913.85
1539005400,287.05,288.22,285.5,287.82,87742172,69390477.3
1539091800,287.39,288.86,286.77,287.4,74338982,70580901.8
1539178200,286.83,286.91,277.88,278.3,214756170,78328172.4
1539264600,277.08,278.9,270.36,272.17,274840490,89518485.8
1539351000,276.77,277.09,272.37,275.95,183186492,95923816.65
1539610200,275.55,277.04,274.3,274.4,102263717,97624800.35
1539696600,276.6,280.82,276.07,280.4,118255834,100441071.7
1539783000,280.44,281.15,277.56,280.45,110625987,103518342.95
1539869400,279.4,280.07,274.97,276.4,134557525,105228186.9
1539955800,277.13,279.3,275.47,276.25,139901634,106943411.35
1540215000,277,277.36,274.41,275.01,82415812,108393719.7
1540301400,270.95,274.87,268.61,273.61,146352719,113492853.8
1540387800,273.33,273.76,264.7,265.32,177806697,118396204.95
1540474200,267.38,271.81,266.23,270.08,138061545,122336809.45
1540560600,265.92,271,262.29,265.33,201574596,128910970
1540819800,268.8,270.25,259.85,263.86,160749101,133844478.2
1540906200,263.67,268.12,263.12,267.77,157115995,139337366.6
1540992600,270.65,273.23,270.12,270.63,128296325,142517453.15
1541079000,271.6,273.73,270.38,273.51,99495037,141914909.5
1541165400,274.75,275.23,269.59,271.89,122634107,142748546.85
1541428200,272.44,274.01,271.35,273.39,65622482,141642562.35
1541514600,273.32,275.3,273.25,275.12,60085894,140929907.95
1541601000,277.56,281.1,277.08,281.01,102752099,135329704.4
1541687400,280.11,281.22,279.22,280.5,65584886,124866924.2
1541773800,279.03,279.24,276.18,277.76,98812561,120648227.65
1542033000,277.19,277.46,271.99,272.57,99673574,120518720.5
1542119400,273.09,275.325,271.25,272.06,98176610,119514759.3
1542205800,274.16,274.61,268.45,270.2,125335931,120250256.5
1542292200,268.78,273.54,267.0102,273.02,135101437,120277452.1
1542378600,271.79,274.75,271.21,273.73,126668040,119615772.4
1542637800,273.05,273.38,268.07,269.1,103061706,120648067.1
1542724200,265.36,267,263.15,264.12,136021311,120131496.7
1542810600,265.86,267.15,265.01,265.02,75563743,115019349
1542983400,263.18,264.8234,263.07,263.25,42807878,110256665.65
1543242600,265.78,267.75,265.34,267.5,79981362,104177003.95
1543329000,266.34,268.4,265.66,268.4,75502441,99914670.95
1543415400,269.6,274.58,268.3272,274.58,127629633,98440352.85
1543501800,273.71,275.55,272.43,273.98,82346420,96142857.6
1543588200,273.81,276.28,273.45,275.65,98204190,96078315.25
1543847400,280.28,280.4,277.505,279.3,103017719,95097495.85
1543933800,278.37,278.85,269.9,270.25,177986013,100715672.4
1544106600,265.92,269.97,262.44,269.84,204185411,107920648.25
1544193000,269.46,271.22,262.63,263.57,161018923,110833989.45
1544452200,263.37,265.1613,258.62,264.07,151445885,115127039.4
1544538600,267.66,267.87,262.48,264.13,121504431,116261632.9
1544625000,267.47,269,265.37,265.46,97976706,116176789.5
1544711400,266.52,267.49,264.12,265.37,96662717,116101094.85
1544797800,262.96,264.03,259.85,260.47,116961071,115682351.85
1545057000,259.4,260.65,253.525,255.36,165492257,117201892.85
1545143400,257.2,257.95,253.28,255.08,134515094,117594245.55
1545229800,255.17,259.4,249.35,251.26,214992763,123190798.4
1545316200,249.86,251.62,244.65,247.17,252053377,128992401.7
1545402600,246.74,249.71,239.98,240.7,255345633,137981496.2
1545661800,239.04,240.8355,234.27,234.34,147311588,143206681.7
1545834600,235.97,246.18,233.76,246.18,218485360,150131881.6
1545921000,242.57,248.29,238.96,248.07,186267342,155670126.65
1546007400,249.58,251.4,246.45,247.75,153100189,156943654.45
1546266600,249.56,250.19,247.47,249.92,144299370,160041301.95
1546439400,245.98,251.21,245.95,250.18,126925199,161477352.4
1546525800,248.23,248.57,243.67,244.21,144140692,163533501.05
1546612200,247.59,253.11,247.17,252.39,142628834,161765642.1
1546871400,252.69,255.95,251.69,254.38,103139100,156713326.55
1546957800,256.82,257.31,254,256.77,102512587,153788009.75
1547044200,257.56,258.91,256.19,257.97,95006554,150966043.2
1547130600,256.26,259.16,255.5,258.88,96823923,149732017.8
1547217000,257.68,259.0098,257.03,258.98,73858110,148526088
1547476200,256.86,258.3,256.41,257.4,70908227,147238363.5
1547562600,257.82,260.7,257.81,260.35,85208271,145650723.5
1547649000,260.83,261.9666,260.6,260.98,77636710,141257946.15
1547735400,260.01,263.92,259.96,262.96,96118435,139338113.2
1547821800,264.98,266.98,262.998,266.46,127900303,134983490.2
1548167400,264.82,265.06,261.06,262.86,115531183,128157380.5
1548253800,264.01,264.79,260.66,263.41,86030287,119691613.2
1548340200,263.21,264.2,262.08,263.55,59204139,115286240.75
1548426600,265.61,266.7,263.6595,265.78,96883358,109206140.65
1548685800,263.39,263.83,261.79,263.76,85613655,104173456.3
1548772200,263.92,264.55,262.48,263.41,66136334,99825263.55
1548858600,265.1,268.52,264.25,267.58,92473671,97233978.6
1548945000,267.51,270.47,267.27,269.93,104012073,96088322.3
1549031400,270.15,271.2,269.18,270.06,85782524,93170413.9
1549290600,270.11,272.03,269.36,271.96,60744844,89076214.4
1549377000,272.44,273.44,271.88,273.1,79552774,87896898.1
1549463400,272.79,273.34,271.92,272.74,58347791,85688658.3
1549549800,270.94,271.55,268.29,270.14,95481961,85712428.65
1549636200,268.75,270.58,267.83,270.47,75788861,84660675.55
1549895400,271.2,271.49,270.03,270.62,68021423,84368841.2
1549981800,272.42,274.52,272.34,274.1,72270221,84436940.9
1550068200,275.03,275.93,274.56,274.99,65277204,83440387.55
1550154600,273.78,275.64,272.87,274.38,83234396,83720271.85
1550241000,276.36,277.41,276.13,277.37,97088659,83768783.05
1550586600,276.4813,278.58,276.47,277.85,59120804,80329808.1
1550673000,277.81,278.92,277.25,278.41,76610767,78383787.3
1550759400,277.7,278.1,276.345,277.42,64214727,77293009.3
1550845800,278.11,279.36,277.4029,279.14,78114616,78238533.15
1551105000,280.73,281.31,279.43,279.52,69030699,76845900.2
1551191400,279.13,280.3,278.9,279.32,56844101,75407422.5
1551277800,278.52,279.59,277.48,279.2,56921570,74946684.3
1551364200,278.96,279.45,278.32,278.68,69268293,73786415.4
1551450600,280.44,280.88,278.82,280.42,78880548,72529839.15
1551709800,281.6,281.87,276.84,279.4,106494637,73565444.8
1551796200,279.54,279.76,278.41,279.02,59114559,73483930.55
1551882600,279.15,279.16,276.97,277.33,75039771,73258280.4
1551969000,276.83,276.99,274.07,275.01,94885089,75085145.3
1552055400,272.94,274.65,272.42,274.46,85795799,74600837.2
1552311000,275.26,278.62,275.23,278.44,65098897,74066339
1552397400,279.06,280.07,278.85,279.49,79667530,74648644.35
1552483800,280.48,282.38,280.3,281.34,80639153,75067090.95
1552570200,281.37,281.84,280.6662,281.16,67518366,75179149.05
1552656600,280.54,282.21,280.33,281.31,81308979,75082878.2
1552915800,281.55,282.66,281.3,282.33,62199806,73338435.55
1553002200,283.51,284.36,281.41,282.4,90268121,74895801.4
1553088600,282.16,283.5,280.32,281.55,84609210,75295723.55
1553175000,280.64,285.18,280.59,284.73,79550375,76062505.95
1553261400,283.22,283.8034,279.18,279.25,122659286,78289739.45
1553520600,278.87,280.1853,277.64,279.04,85575197,79116964.35
1553607000,280.99,282.18,279.56,281.12,68125920,79681055.3
1553693400,281.11,281.76,277.93,279.65,72224722,80446212.9
1553779800,280.35,281.21,279.07,280.71,56238545,79794725.5
1553866200,282.39,282.84,281.14,282.48,82186806,79960038.4
1554125400,284.7,286.16,284.4,285.83,77617945,78516203.8
1554211800,286.04,286.23,285.09,285.97,40070351,77563993.4
1554298200,287.32,287.76,285.75,286.42,68243202,77224164.95
1554384600,286.78,287.459,286.01,287.18,48997505,74929785.75
1554471000,287.92,288.63,287.6,288.57,58621729,73571082.25
1554730200,288.1,288.91,287.37,288.79,53566335,72994454.15
1554816600,287.72,288.08,286.7,287.31,66142316,72318193.45
1554903000,287.77,288.3899,287.31,288.29,52601499,70916310.75
1554989400,288.83,288.84,287.578,288.21,55093100,70295047.45
1555075800,290,290.47,288.261,290.16,69727782,69715987.6
1555335000,290.24,290.35,289.075,289.97,49596685,69085831.55
1555421400,290.95,291.01,289.5,290.16,52153197,67180085.35
1555507800,291.4,291.425,288.99,289.45,58268295,65863039.6
1555594200,290.1,290.32,288.66,290.02,68708513,65320946.5
1555939800,289.17,290.435,289.07,290.27,40160140,61195989.2
1556026200,290.68,293.14,290.42,292.88,52246633,59529561
1556112600,292.79,293.16,292.07,292.23,50392914,58642910.7
1556199000,292.12,292.78,290.73,292.05,57770862,57920217.7
1556285400,292.1,293.49,291.2401,293.41,50916423,57654111.6
1556544600,293.51,294.45,293.41,293.87,57197747,56404658.65
1556631000,293.49,294.34,291.92,294.02,81112081,56579365.45
1556717400,294.72,294.95,291.8,291.81,71671870,58159441.4
1556803800,291.68,292.7,289.52,291.18,65030170,57998789.8
1556890200,292.82,294.34,291.2998,294.03,56543653,58376097.2
1557149400,289.25,293.31,288.9,292.82,107198069,60804914.2
1557235800,290.15,290.81,285.81,287.93,144729908,65363092.85
1557322200,287.53,289.43,286.87,287.53,91568287,66634391.4
1557408600,285.23,287.33,283.3,286.66,103471104,69177871.65
1557495000,285.62,288.94,282.3,288.1,112429293,72044681.3
1557754200,282.42,283.49,279.93,280.86,127290527,74922818.55
1557840600,281.99,285.1,281.85,283.4,77003230,76293145.8
1557927000,281.59,285.77,281.36,285.06,73956407,77383306.3
1558013400,285.84,289.21,285.76,287.7,76749643,78307373.7
1558099800,285.14,288.6,285.1207,285.84,100353024,79889599.25
1558359000,284.06,285.43,283.12,283.95,62877610,81025472.75
1558445400,285.83,286.93,285.55,286.51,46847085,80755495.35
1558531800,285.45,286.69,285.1,285.63,49482472,80709973.25
1558618200,283.16,283.21,280.57,282.14,98733847,82758122.5
1558704600,283.74,284.2,282.09,282.78,55268095,82975706.1
1559050200,283.09,284.15,280.13,280.15,70029356,83617286.55
1559136600,278.91,279.36,276.71,278.27,104972927,84810328.85
1559223000,279.11,280.04,277.805,279.03,62523780,84352924.35
1559309400,276.2,277.12,275.24,275.27,86862782,85444554.95
1559568600,275.31,276.5521,273.09,274.57,96427952,87438769.9
1559655000,277.12,280.68,276.62,280.53,77231889,85940460.9
1559741400,282.33,282.99,280.32,282.96,71169717,82262451.35
1559827800,283.29,285.55,282.57,284.8,69430381,81155556.05
1559914200,285.93,288.85,285.74,287.65,74272199,79695610.8
1560173400,289.37,290.82,288.8734,288.97,60799053,77114098.8
1560259800,290.99,291.4,288.1805,288.9,58641325,73681638.7
1560346200,288.64,289.26,287.815,288.39,47096312,72186292.8
1560432600,289.4,289.98,288.62,289.58,48945156,70935730.25
1560519000,289.26,289.93,288.41,289.26,52324716,69714483.9
1560778200,289.52,290.22,289.18,289.37,39205709,66657118.15
1560864600,291.39,293.57,290.99,292.4,85434823,67784978.8
1560951000,292.55,293.65,291.47,293.06,78674377,69376343.4
1561037400,296.04,296.3093,293.1255,295.86,116570017,72730720.65
1561123800,294.13,295.52,293.76,294,83309466,71959501.6
1561383000,294.23,294.58,293.47,293.64,47582730,71575233.35
1561469400,293.7,293.73,290.64,290.76,82028656,72175198.35
1561555800,291.75,292.31,290.345,290.47,51584902,69505797.1
1561642200,291.31,292.06,290.89,291.5,40355239,68397370.05
1561728600,292.58,293.55,292.01,293,59350929,67021777.4
1561987800,296.68,296.92,294.33,295.66,79107474,66155753.5
1562074200,295.61,296.49,294.68,296.43,61504544,65369386.25
1562160600,297.18,298.82,297.02,298.8,40898896,63855845.2
1562333400,297.44,298.64,296.01,298.46,51677326,62968192.45
1562592600,297.01,298.2579,296.22,296.82,45841772,61546671.1
1562679000,295.54,297.52,295.48,297.19,41101279,60561782.4
1562765400,298.37,299.66,297.78,298.61,58595558,60559494.05
1562851800,299.32,299.58,298.2,299.31,50889481,60749152.5
1562938200,299.85,300.73,299.51,300.65,40354410,60319615.2
1563197400,301.13,301.13,300.19,300.75,33910261,59398892.45
1563283800,300.65,300.88,299.44,299.71,40567964,59467005.2
1563370200,299.75,299.93,297.74,297.74,44102443,57400386.2
1563456600,297.19,299.25,296.7,298.83,51701687,56051751.7
1563543000,300.04,300.07,296.96,297.17,71081238,53777312.75
1563802200,297.61,298.5,297.04,297.9,43687404,51796209.65
1563888600,299.14,300.03,298.22,300.03,44657973,51649971.8
1563975000,299.19,301.44,299.09,301.44,47213232,49909200.6
1564061400,300.94,301,299.11,300,55394092,50099660.1
1564147800,300.76,302.23,300.62,302.01,45084077,50336102
1564407000,301.88,301.93,300.85,301.46,38126462,49274878.65
1564493400,299.91,301.17,299.49,300.72,45849045,47611957.2
1564579800,300.99,301.2,295.2,297.43,104245162,49748988.1
1564666200,297.6,300.87,293.96,294.84,142646576,54836372.1
1564752600,293.85,294.12,290.9,292.62,116749695,58089990.55
1565011800,288.09,288.21,281.72,283.82,178745449,64735174.4
1565098200,285.91,288.04,284.28,287.8,120711682,68715694.55
1565184600,284.4,288.82,282.04,287.97,140572265,72814529.9
1565271000,289.62,293.62,289.01,293.62,87713904,74655751.05
1565357400,292.58,293.24,289.65,291.62,93729958,77324528.45
1565616600,289.96,291.6052,287.02,288.07,65527632,78905397
1565703000,287.74,294.15,287.36,292.55,94792972,81616647.4
1565789400,288.07,288.74,283.76,283.9,135622053,86192627.9
1565875800,284.88,285.64,282.39,284.65,101929845,88704035.8
1565962200,286.48,289.33,284.7138,288.85,85825286,89441238.2
1566221400,292.19,293.08,291.44,292.33,53640153,89938875.65
1566307800,291.77,292.36,289.95,290.09,51652752,90288614.6
1566394200,292.48,292.86,291.72,292.45,49723430,90414124.5
1566480600,293.23,293.93,290.4,292.36,51739292,90231384.5
1566567000,290.92,292.76,283.47,284.85,149318151,95443088.2
1566826200,287.27,288,285.58,288,72620598,97167795
1566912600,289.54,289.95,286.03,286.87,68262998,98288492.65
1566999000,286.14,289.07,285.25,288.89,59852324,96068850.75
1567085400,291.72,293.16,290.61,292.58,57998913,91836467.6
1567171800,294.22,294.2399,291.42,292.45,62961780,89147071.85
1567517400,290.57,291.58,289.27,290.74,69252354,83672417.1
1567603800,293.14,294.055,292.31,294.04,47003957,79987030.85
1567690200,296.79,298.83,296.64,297.82,83356779,77126256.55
1567776600,298.17,298.76,297.42,298.05,49584290,75219775.85
1568035800,299.14,299.24,297.16,298.2,51260290,73096292.45
1568122200,297.36,298.2,295.97,298.13,57947101,72717265.9
1568208600,298.47,300.34,297.75,300.25,68821066,71418670.6
1568295000,301.25,302.46,300.41,301.29,72908745,68283005.2
1568381400,301.78,302.17,300.68,301.09,62104838,66291754.85
1568640600,299.84,301.1378,299.45,300.16,58191175,64910049.3
1568727000,299.94,301.02,299.75,300.92,42904427,64373263
1568813400,300.49,301.22,298.24,301.1,74192091,65500229.95
1568899800,301.53,302.63,300.7103,301.08,78099215,66919019.2
1568986200,300.36,300.67,297.41,298.28,97455979,69204853.55
1569245400,297.55,299,297.27,298.21,47541321,64116012.05
1569331800,299.41,299.84,294.81,295.87,97367568,65353360.55
1569418200,295.96,298.11,294.33,297.62,73434081,65611914.7
1569504600,297.63,297.86,295.45,297,58722357,65555416.35
1569591000,297.83,297.9465,293.69,295.4,84781110,66894526.2
1569850200,295.97,297.55,295.92,296.77,52562761,66374575.25
1569936600,297.74,298.455,293,293.24,89900420,67406978.55
1570023000,291.5,291.51,286.64,288.06,124523974,71282979.4
1570109400,287.81,290.45,284.82,290.42,85906799,71410480.4
1570195800,291.14,294.63,290.82,294.35,66700681,72266299.95
1570455000,293.47,295.26,292.77,293.08,60656561,72736113.5
1570541400,291.04,291.85,288.49,288.53,101575470,74917531.95
1570627800,290.75,292.3,288.6559,291.27,65707329,74761845.1
1570714200,291.18,294.21,291,293.24,57255974,73979206.55
1570800600,296.27,298.74,296.1448,296.28,101228577,75935393.5
1571059800,295.93,296.67,295.57,295.95,40546668,75053168.15
1571146200,297.1,299.7,296.97,298.88,47832356,75299564.6
1571232600,298.37,299.16,297.92,298.4,50563596,74118139.85
1571319000,299.68,300.24,298.515,299.28,46784885,72552423.35
1571405400,298.69,299.395,296.99,297.97,64338028,70896525.8
1571664600,299.42,300.21,298.935,299.99,39460901,70492504.8
1571751000,300.58,300.9,298.91,299.01,49126038,68080428.3
1571837400,298.73,299.94,298.495,299.88,34991829,66158315.7
1571923800,300.91,301.07,299.4601,300.37,35857459,65015070.8
1572010200,299.74,302.2,299.6806,301.6,45205412,63036285.9
1572269400,302.94,303.85,302.91,303.3,42146965,62515496.1
1572355800,303,304.23,302.86,303.21,44284921,60234721.15
1572442200,303.43,304.55,301.99,304.14,49643928,56490718.85
1572528600,304.13,304.13,301.73,303.33,69053791,55648068.45
1572615000,304.92,306.19,304.74,306.14,71141515,55870110.15
1572877800,307.85,308,306.96,307.37,60606916,55867627.9
1572964200,307.59,307.9195,306.71,307.03,43033885,52940548.65
1573050600,307.03,307.4,306.06,307.1,46487108,51979537.6
1573137000,308.57,309.65,307.66,308.18,54272274,51830352.6
1573223400,307.8,309.0036,307.03,308.94,49068797,49222363.6
1573482600,307.42,308.54,307.27,308.35,35934909,48991775.65
1573569000,308.75,309.99,308.15,309,46484624,48924389.05
1573655400,307.91,309.54,307.66,309.1,54459018,49119160.15
1573741800,308.79,309.64,308.09,309.55,52001874,49380009.6
1573828200,311.02,311.84,310.26,311.79,62706192,49298417.8
1574087400,311.53,312.28,311.03,312.02,49327980,49791771.75
1574173800,312.68,312.69,311.22,311.93,67927818,50731860.75
1574260200,311.28,311.85,309.06,310.77,79696276,52967083.1
1574346600,310.89,311.01,309.39,310.27,54664690,53907444.65
1574433000,311.09,311.24,309.85,310.96,44850228,53889685.45
1574692200,311.98,313.37,311.98,313.37,48762676,54220471
1574778600,313.41,314.28,313.06,314.08,37727953,53892622.6
1574865000,314.61,315.48,314.37,315.48,44793179,53650085.15
1575037800,314.86,315.13,314.06,314.31,36592740,52027032.6
1575297000,314.59,314.66,311.17,311.64,76110027,52275458.2
1575383400,308.65,309.64,307.13,309.55,75172709,53003747.85
1575469800,310.7,312.12,310.32,311.46,49190402,53311573.7
1575556200,312.23,312.25,310.58,312.02,40781669,53026301.75
1575642600,314.12,315.31,314.11,314.87,48956767,52760526.4
1575901800,314.44,315.18,313.8,313.88,34904315,52052302.3
1575988200,313.82,314.55,312.81,313.53,53109165,52911015.1
1576074600,314.03,314.7,313.4393,314.42,53521450,53262856.4
1576161000,314.43,317.99,314.17,317.13,96585802,55369195.6
1576247400,316.87,318.67,316.02,317.32,81546487,56846426.25
1576506600,319.22,320.15,317.2542,319.5,82836128,57852923.05
1576593000,319.92,320.25,319.48,319.57,61131769,58443112.5
1576679400,320,320.25,319.53,319.59,48199955,57456719.35
1576765800,319.8,320.98,319.5246,320.9,85388424,57741326.75
1576852200,320.46,321.9742,319.3873,320.73,149338215,62475003
1577111400,321.59,321.65,321.06,321.22,53015641,62883273.65
1577197800,321.47,321.52,320.9,321.23,20270007,61458640.2
1577370600,321.65,322.95,321.64,322.94,31024188,61123451.95
1577457000,323.74,323.8,322.28,322.86,42554820,61011534
1577716200,322.95,323.1,320.55,321.08,49782730,61671033.5
1577802600,320.53,322.13,320.15,321.86,57106998,60720882.05
1577975400,323.54,324.89,322.53,324.87,59253833,59924938.25
1578061800,321.16,323.64,321.1,322.41,77783566,61354596.45
1578321000,320.49,323.73,320.36,323.64,55761948,62103610.4
1578407400,323.02,323.54,322.24,322.73,42854811,61798512.6
1578493800,322.94,325.78,322.67,324.45,68434153,63475004.5
1578580200,326.16,326.73,325.52,326.65,48569601,63248026.3
1578666600,327.2899,327.46,325.2,325.71,53057389,63224823.25
1578925800,326.39,327.96,325.92,327.95,47262010,60758633.65
1579012200,327.47,328.62,326.844,327.45,63036384,59833128.5
1579098600,327.35,329.02,327.26,328.19,72056598,59294152
1579185000,329.7,330.92,329.45,330.92,54050328,58940079.95
1579271400,331.7,332.18,330.8539,331.95,95846017,61322383.05
1579617000,330.9,332.18,330.82,331.3,77742415,60940082.6
1579703400,332.24,332.95,331.17,331.34,48914899,55918916.8
1579789800,330.63,332.1682,329.41,331.72,52004140,55868341.75
1579876200,332.44,332.53,327.36,328.77,87578442,59233763.5
1580135400,323.03,325.12,322.66,323.5,84062463,61885677.25
1580221800,325.06,327.85,323.6038,326.89,63833953,62949633.9
1580308200,328.38,328.63,326.4,326.62,54040889,63162541.85
1580394600,324.36,327.91,323.54,327.68,75491844,64081784.15
1580481000,327,327.17,320.73,321.73,113845576,66811371.3
1580740200,323.35,326.16,323.22,324.12,69242293,66384307.65
1580826600,328.07,330.01,327.72,329.06,62573190,66724869.75
1580913000,332.27,333.09,330.67,332.86,65951146,67879686.5
1580999400,333.91,334.19,332.8,333.98,50359688,66975963.25
1581085800,332.82,333.9941,331.6,332.2,64139443,67754455.35
1581345000,331.23,334.75,331.19,334.68,42070006,67205086.2
1581431400,336.16,337.02,334.684,335.26,54864533,67585212.35
1581517800,336.83,337.65,336.43,337.42,43992662,66633026.25
1581604200,335.8621,338.12,335.56,337.06,54501922,65755292.45
1581690600,337.51,337.73,336.2,337.6,64582210,66281886.55
1582036200,336.51,337.6677,335.21,336.73,57342526,64356712
1582122600,337.79,339.08,337.48,338.34,48814692,62910325.85
1582209000,337.7423,338.64,333.6817,336.95,74163362,64172749
1582295400,335.47,335.81,332.58,333.48,113788208,67261952.4
1582554600,323.14,325.85,321.24,322.42,161088409,70937450.75
1582641000,323.94,324.61,311.69,312.65,218913168,77679986
1582727400,314.18,318.11,310.7,311.5,194773819,84226979.3
1582813800,305.46,311.5637,297.51,297.51,284353460,95742607.85
1582900200,288.7,297.892,285.54,296.26,385764020,111256216.65
1583159400,298.21,309.16,294.46,309.09,238703625,117499119.1
1583245800,309.5,313.84,297.57,300.24,300139150,129043961.95
1583332200,306.12,313.1,303.33,312.86,176613448,134745974.85
1583418600,304.98,308.47,300.01,302.46,186366809,140766758
1583505000,293.15,298.78,290.23,297.46,228667168,149682132
1583760600,275.3,284.19,273.45,274.23,309417350,161946027.35
1583847000,284.64,288.52,273.5,288.42,276444060,173664730.05
1583933400,280.7,281.94,270.88,274.36,256416563,183742331.55
1584019800,256,266.66,247.68,248.11,392220670,201153731.95
1584106200,263.09,271.4754,248.5237,269.32,329566100,214906940.85
1584365400,241.18,256.9,237.36,239.85,297240030,226539831.85
1584451800,245.04,256.17,237.07,252.8,262070471,236776229.1
1584538200,236.25,248.37,228.02,240,327597130,250715351
1584624600,239.25,247.38,232.22,240.51,289322040,261473284.9
1584711000,242.53,244.47,228.5,228.8,347158790,273141814
1584970200,228.19,229.6833,218.26,222.95,326025170,281388652.05
1585056600,234.42,244.1,233.8,243.15,235494475,282217717.4
1585143000,244.87,256.35,239.75,246.79,299430255,287450539.2
1585229400,249.52,262.8,249.05,261.2,257632816,286114507
1585315800,253.27,260.81,251.05,253.42,224341217,278043366.85
1585575000,255.7,262.43,253.53,261.65,170961866,274656278.9
1585661400,260.56,263.33,256.22,257.75,194881060,269393374.4
1585747800,247.98,257.6591,243.9,246.15,189554623,270040433.15
1585834200,245.19,252.68,244.59,251.83,177660430,269605114.2
1585920600,250.76,253.32,245.22,248.19,135561171,264949814.35
1586179800,257.84,267,248.1698,264.86,188061238,258882008.75
1586266200,274.21,275.03,264.89,265.13,201427189,255131165.2
1586352600,267.96,276,265.2542,274.03,153774487,249999061.4
1586439000,277.58,281.2,275.47,278.2,190282705,239902163.15
1586784600,277.14,277.51,271.41,275.66,115139268,229180821.55
1586871000,280.98,284.9,275.5106,283.79,134143350,221025987.55
1586957400,277.57,279.26,275.46,277.76,121775006,214011214.3
1587043800,279.15,280.03,275.76,279.1,131798325,204221274.05
1587130200,285.38,287.3,282.4,286.64,146684784,197089411.25
1587389400,282.61,286.7912,281.35,281.59,100224647,184742704.1
1587475800,276.73,278.04,272.02,273.04,126385698,174760730.5
1587562200,278.35,281,276.91,279.1,93524584,167662235.95
1587648600,280.49,283.94,278.75,279.08,104709693,157926207.85
1587735000,280.73,283.7,278.5,282.97,85165953,149302864.7
1587994200,285.12,288.27,284.62,287.05,77896608,141980634.25
1588080600,291.02,291.4,285.4,285.73,105283871,138696734.5
1588167000,291.53,294.88,290.41,293.21,118745579,134889960.45
1588253400,291.71,293.3239,288.59,290.48,122901701,131557314.35
1588339800,285.31,290.6572,281.52,282.79,125180028,128933294.25
1588599000,280.74,283.9,279.13,283.57,80873213,126198896.35
1588685400,286.64,289.25,283.7134,286.19,79569938,120774331.35
1588771800,288.04,288.46,283.78,284.25,73632628,114384603.3
1588858200,287.75,289.78,287.13,287.68,75250412,110458399.55
1588944600,291.09,292.95,289.86,292.44,76622128,104775370.7
1589203800,290.34,294,289.88,292.5,79514231,102994118.85
1589290200,293.79,294.24,286.52,286.67,95870786,101080490.65
1589376600,286.06,287.19,278.965,281.6,144721099,102227795.3
1589463000,278.95,285.11,276.37,284.97,121977890,101736773.55
1589549400,282.37,286.33,281.34,286.28,111146276,99959848.15
1589808600,293.05,296.75,292.7,295,120320229,100964627.25
1589895000,294.35,296.205,291.95,291.97,95189316,99404808.15
1589981400,295.82,297.87,295.57,296.93,85861691,99021663.5
1590067800,296.79,297.67,293.6886,294.88,78293925,97700875.1
1590154200,294.57,295.63,293.22,295.44,63958200,96640487.45
1590499800,301.93,302.19,298.69,299.08,88951442,97193229.15
1590586200,302.12,303.57,296.87,303.53,104817449,97169908.05
1590672600,304.65,306.84,302.24,302.97,90767807,95771019.45
1590759000,302.46,304.96,299.47,304.32,119265702,95589219.5
1591018200,303.62,306.205,303.06,305.55,56779836,92169209.9
1591104600,306.55,308.13,305.1,308.08,74267162,91838907.35
1591191000,310.24,313.22,309.94,312.18,92567574,92488789.15
1591277400,311.11,313,309.08,311.36,75794363,92596875.9
1591363800,317.23,321.275,317.16,319.34,150524674,96360589
1591623000,320.22,323.41,319.63,323.2,73641217,96211543.45
1591709400,320.3,323.2849,319.36,320.79,77479228,96109793.3
1591795800,321.42,322.39,318.2209,319,95000766,96066292.3
1591882200,311.46,312.15,300.01,300.61,209243560,99292415.35
1591968600,308.24,309.08,298.6,304.21,194678879,102927464.8
1592227800,298.02,308.28,296.74,307.05,135782724,104159287.2
1592314200,315.48,315.64,307.67,312.96,137627502,105024650.85
1592400600,314.07,314.39,310.86,311.66,83398944,104435132.25
1592487000,310.005,312.3,309.51,311.78,80828658,104183480.6
1592573400,314.17,314.38,306.53,308.64,135549624,107046265.55
1592832600,307.99,311.05,306.75,310.62,74649389,107580825
1592919000,313.49,314.5,311.6101,312.05,68471246,106556815.2
1593005400,309.84,310.51,302.1,304.09,132813492,107956617.35
1593091800,303.47,307.64,301.28,307.35,89467968,107891625.4
1593178200,306.16,306.39,299.42,300.05,127961017,108326391.15
1593437400,301.41,304.61,298.93,304.46,79773260,109476062.35
1593523800,303.99,310.2,303.82,308.36,113394772,111432442.85
1593610200,309.57,311.89,309.07,310.52,72396542,110423891.25
1593696600,314.24,315.7,311.51,312.23,69344217,110101383.95
1594042200,316.37,317.68,315.56,317.05,61713828,105660841.65
1594128600,315.38,317.52,313.37,313.78,82909963,106124278.95
1594215000,314.61,316.3,312.7,316.18,54638596,104982247.35
1594301400,316.84,317.1,310.68,314.38,83354158,104399916.95
1594387800,314.31,317.88,312.76,317.59,57550365,96815257.2
1594647000,320.13,322.71,314.13,314.84,102997484,92231187.45
1594733400,313.3,319.76,312,318.92,93656951,90124898.8
1594819800,322.41,323.04,319.265,321.85,87196524,87603349.9
1594906200,319.79,321.28,319.09,320.79,54622520,86164528.7
1594992600,321.88,322.57,319.735,321.72,62774911,85261841.35
1595251800,321.43,325.13,320.62,324.32,56308749,81299797.6
1595338200,326.45,326.93,323.94,325.01,57498967,80442276.5
1595424600,324.62,327.2,324.5,326.86,57792915,79908359.95
1595511000,326.47,327.23,321.48,322.96,75737989,77054584.8
1595597400,320.95,321.99,319.246,320.88,73766597,76269516.25
1595856600,321.63,323.41,320.775,323.22,48292970,72286113.9
1595943000,322.43,323.64,320.85,321.17,57494979,71172199.85
1596029400,322.12,325.73,322.075,325.12,48454159,67925169.2
1596115800,321.9,324.41,319.64,323.96,61861714,67398427.8
1596202200,325.9,326.63,321.33,326.52,85210755,68191754.7
1596461400,328.32,329.62,327.73,328.79,53077948,67759960.7
1596547800,327.86,330.06,327.86,330.06,41917893,65710357.2
1596634200,331.47,332.39,331.18,332.11,42866354,65121745.1
1596720600,331.4799,334.46,331.13,334.33,43679447,63138009.55
1596807000,333.28,334.88,332.3,334.57,57308270,63125904.8
1597066200,335.06,335.77,332.955,335.57,44282089,60190135.05
1597152600,336.85,337.54,332.01,332.8,69600882,58987331.6
1597239000,335.44,338.28,332.8377,337.44,53826128,57318811.8
1597325400,336.61,338.2514,335.83,336.83,41816146,56678493.1
1597411800,336.41,337.42,335.62,336.84,47260390,55902767.05
1597671000,337.94,338.34,336.8517,337.91,35480974,54861378.3
1597757400,338.34,339.1,336.61,338.64,38733908,53923125.35
1597843800,339.05,339.61,336.62,337.23,68054244,54436191.8
1597930200,335.36,338.8,335.22,338.28,42207826,52759683.65
1598016600,337.92,339.72,337.55,339.48,55106628,51826685.2
1598275800,342.12,343,339.4504,342.92,48588662,51841469.8
1598362200,343.53,344.21,342.27,344.12,38463381,50889889.9
1598448600,344.76,347.86,344.17,347.57,50790237,51006693.8
1598535000,348.51,349.9,346.53,348.33,58034142,50815315.2
1598621400,349.44,350.72,348.15,350.58,48588940,48984224.45
1598880600,350.35,351.3,349.06,349.31,66099183,49635286.2
1598967000,350.21,352.71,349.24,352.6,54999325,50289357.8
1599053400,354.67,358.75,353.43,357.7,69540035,51623041.85
1599139800,355.87,356.38,342.59,345.39,148011129,56839625.95
1599226200,346.13,347.83,334.87,342.57,139156281,60932026.5
1599571800,336.71,342.64,332.88,333.21,114465322,64441188.15
1599658200,337.55,342.46,336.61,339.79,91462290,65534258.55
1599744600,341.82,342.53,332.85,333.89,90569548,67371429.55
1599831000,335.82,336.97,331,334.06,84680194,69514631.95
1600090200,337.49,340.38,334.2208,338.46,65605686,70431896.75
1600176600,341.12,342.02,338.4683,340.17,52920862,71303891.15
1600263000,341.51,343.06,338.52,338.82,82211256,73477758.55
1600349400,333.56,337.6996,332.991,335.84,91523339,74651213.3
1600435800,335.37,335.49,327.97,330.65,105877942,77834719.1
1600695000,325.7,327.13,321.73,326.97,99450829,80051929.15
1600781400,328.57,330.9,325.86,330.3,63612107,80803101.4
1600867800,330.9,331.2,322.1,322.64,93112240,83535544.35
1600954200,321.22,326.797,319.8,323.5,76681332,84830099.1
1601040600,322.58,329.58,321.64,328.73,71069426,85481863.3
1601299800,333.22,334.96,332.15,334.19,64584614,86281647
1601386200,333.97,334.77,331.6209,332.37,51531594,85553267.55
1601472600,333.09,338.29,332.88,334.89,104081136,88007358.1
1601559000,337.69,338.74,335.01,337.04,88698745,88965293.6
1601645400,331.7,337.0126,331.19,333.84,89431112,86036292.75
1601904600,336.06,339.96,336.01,339.76,45713108,81364134.1
1601991000,339.91,342.17,334.38,334.93,90128883,80147312.15
1602077400,338.12,341.63,338.09,340.76,56999597,78424177.5
1602163800,342.85,343.85,341.86,343.78,45242476,76157823.9
1602250200,345.56,347.35,344.89,346.85,59528606,74900244.5